codigo;descricao;tipo;unidade;status;custo_padrao;estoque_atual;estoque_seguranca;lote_minimo;lead_time_dias;codigo_legado;referencia_legado;unidade_sugerida;revisar;motivo_revisao
MP-001;BOB KPO 40.5X26X10X0.29 CCAW+BERILIO - AF 6X9 280 STEEL;MATERIA_PRIMA;UN;ATIVO;0;0;0;0;0;1;BOB KPO 40.5X26X10X0.29 CCAW+BERILIO;;NAO;
MP-002;ATIVADOR CB-10A 1LT;MATERIA_PRIMA;UN;ATIVO;0;0;0;0;0;2;AT-CB-10A 1LT;LT;SIM;Unidade: produto liquido comprado em litro cadastrado como UN
MP-003;ATIVADOR CB10H 20ML;MATERIA_PRIMA;UN;ATIVO;0;0;0;0;0;3;AT-CB-10A 20ML;ML;SIM;Unidade: produto liquido de 20ML cadastrado como UN
MP-004;ATIVADOR LOCTITE;MATERIA_PRIMA;UN;ATIVO;0;0;0;0;0;4;AT - SF 7453 BO1L;LT;SIM;Unidade: frasco de 1L cadastrado como UN
MP-005;B-01 - BERCO 6" 350;MATERIA_PRIMA;UN;ATIVO;0;0;0;0;0;5;B-01;;NAO;
MP-006;B-02 - BERCO 6X9 350;MATERIA_PRIMA;UN;ATIVO;0;0;0;0;0;6;B-02;;NAO;
MP-007;B-03 - BERCO 8" 8MB300X;MATERIA_PRIMA;UN;ATIVO;0;0;0;0;0;7;B-03;;NAO;
MP-008;B-04 - BERCO AF 6" MB230X, WF200;MATERIA_PRIMA;UN;ATIVO;0;0;0;0;0;8;B-04;;NAO;
MP-009;B-05 - BERCO AF 6" MB300;MATERIA_PRIMA;UN;ATIVO;0;0;0;0;0;9;B-05;;NAO;
MP-010;B-06 - BERCO CX 6X9;MATERIA_PRIMA;UN;ATIVO;0;0;0;0;0;10;B-06;;NAO;
MP-011;B-07 - BERCO REDONDO CX SUB 10" 1000;MATERIA_PRIMA;UN;ATIVO;0;0;0;0;0;11;B-07;;NAO;
MP-012;TERMINAL FIBRA VIDRO COD. 0489/02 COM ILHOS (2614019);MATERIA_PRIMA;UN;ATIVO;0;0;0;0;0;12;TERM. 2614019;;SIM;Descricao no legado terminava com aspas soltas ('''') - removidas
MP-013;TERMINAL FIBRA DE VIDRO (COD. 261.4080) LINHA 350;MATERIA_PRIMA;UN;ATIVO;0;0;0;0;0;13;TERM. 2614080;;NAO;
MP-014;TERMINAL FIBRA DE VIDRO (COD. 0483PI) 2614017;MATERIA_PRIMA;UN;ATIVO;0;0;0;0;0;14;TERM. 2614017;;NAO;
MP-015;PROTETOR EVK.P-005 ROSE FOSCO 12SW1000;MATERIA_PRIMA;UN;ATIVO;0;0;0;0;0;15;P-EVK-005 ROSE;;NAO;
MP-016;B-08 - BERCO REDONDO CX 12";MATERIA_PRIMA;UN;ATIVO;0;0;0;0;0;16;B-08;;NAO;
MP-017;PROTETOR EVK.P-004 PRATA / SUB 10" 1000;MATERIA_PRIMA;UN;ATIVO;0;0;0;0;0;17;P-EVK-004-PRATA;;NAO;
MP-018;B-09 - BERCO REDONDO CX 15";MATERIA_PRIMA;UN;ATIVO;0;0;0;0;0;18;B-09;;NAO;
MP-019;B-10 - BERCO REPARO 10" 1000;MATERIA_PRIMA;UN;ATIVO;0;0;0;0;0;19;B-10;;NAO;
MP-020;B-11 - BERCO REPARO CX 12";MATERIA_PRIMA;UN;ATIVO;0;0;0;0;0;20;B-11;;NAO;
MP-021;PROTETOR EVK.P-003 (SUB 600);MATERIA_PRIMA;UN;ATIVO;0;0;0;0;0;21;P-EVK-003;;NAO;
MP-022;B-12 - BERCO REPARO CX 6";MATERIA_PRIMA;UN;ATIVO;0;0;0;0;0;22;B-12;;NAO;
MP-023;B-13 - BERCO REPARO CX 6X9;MATERIA_PRIMA;UN;ATIVO;0;0;0;0;0;23;B-13;;NAO;
MP-024;PROTETOR EVK.P-002 ROSE FOSCO 12S1000;MATERIA_PRIMA;UN;ATIVO;0;0;0;0;0;24;P-EVK-002 ROSE;;NAO;
MP-025;B-14 - BERCO REPARO CX 8";MATERIA_PRIMA;UN;ATIVO;0;0;0;0;0;25;B-14;;NAO;
MP-026;PROTETOR EVK.P-002 PRATA (SUB 1500);MATERIA_PRIMA;UN;ATIVO;0;0;0;0;0;26;P-EVK-002 - PRATA;;NAO;
MP-027;B-15 - BERCO REPARO TWETTER ST400;MATERIA_PRIMA;UN;ATIVO;0;0;0;0;0;27;B-15;;NAO;
MP-028;PROTETOR EVK.P-006 PRATA BRILHANTE 12SW1500 8 OHMS;MATERIA_PRIMA;UN;ATIVO;0;0;0;0;0;28;P-EVK-006 P.B.;;NAO;
MP-029;B-16 - BERCO TAMPA CX 12" SUPERIOR;MATERIA_PRIMA;UN;ATIVO;0;0;0;0;0;29;B-16;;NAO;
MP-030;PROTETOR EVK.P-006 LASER 12SW2000;MATERIA_PRIMA;UN;ATIVO;0;0;0;0;0;30;P-EVK-006 LASER;;NAO;
MP-031;B-17 - BERCO TAMPA CX 15" SUPERIOR;MATERIA_PRIMA;UN;ATIVO;0;0;0;0;0;31;B-17;;NAO;
MP-032;PROTETOR EVK.P-001 SUB 12" SW700X/SW900X;MATERIA_PRIMA;UN;ATIVO;0;0;0;0;0;32;P-EVK-001;;NAO;
MP-033;PLUG DE FASE EVOK 44X5X36.5 ABS . METAL PRATA - PC5003 - LANCAMENTO;MATERIA_PRIMA;UN;ATIVO;0;0;0;0;0;33;PF - PC5003;;SIM;Item marcado LANCAMENTO - confirmar se ja esta em producao
MP-034;B-18 - BERCO TAMPA CX SUB 10" 1000;MATERIA_PRIMA;UN;ATIVO;0;0;0;0;0;34;B-18;;NAO;
MP-035;B-19 - BERCO TERRESTRE 121500 / 12 2000;MATERIA_PRIMA;UN;ATIVO;0;0;0;0;0;35;B-19;;NAO;
MP-036;PLUG DE FASE 6G - CR (038.001.01) 6 MB230X;MATERIA_PRIMA;UN;ATIVO;0;0;0;0;0;36;PF - 6G-CR (038.001.01);;NAO;
MP-037;B-20 - BERCO TERRESTRE KIT REPARO 121500 / 12 2000;MATERIA_PRIMA;UN;ATIVO;0;0;0;0;0;37;B-20;;NAO;
MP-038;BICO AZUL;MATERIA_PRIMA;UN;ATIVO;0;0;0;0;0;38;BIC-AZUL;;SIM;Possivel USO_E_CONSUMO (bico aplicador) e nao materia-prima do produto
MP-039;PLUG DE FASE 20 - CR (038.008.01) 6 MB300;MATERIA_PRIMA;UN;ATIVO;0;0;0;0;0;39;PF - 20 -CR (038.008.01);;NAO;
MP-040;PLUG DE FASE 18 - JAT CR (038.022.00);MATERIA_PRIMA;UN;ATIVO;0;0;0;0;0;40;PF - 18 -JAT-CR (038.022.00);;SIM;Mesmo codigo de desenho (038.022.00) do item MP-043 - confirmar se sao pecas distintas
MP-041;PLUG DE FASE 18 - CR (038.006.01) 6X9 MB280;MATERIA_PRIMA;UN;ATIVO;0;0;0;0;0;41;PF - 18 - CR (038.006.01);;NAO;
MP-042;PLUG DE FASE 17 - CR (038.005.01) 8MB 300;MATERIA_PRIMA;UN;ATIVO;0;0;0;0;0;42;PF - 17 - CR (038.005.01);;NAO;
MP-043;PLUG DE FASE 15 - JAT CR (038.022.00);MATERIA_PRIMA;UN;ATIVO;0;0;0;0;0;43;PF - 15 - JAT-CR (038.022.00);;SIM;Mesmo codigo de desenho (038.022.00) do item MP-040 - confirmar se sao pecas distintas
MP-044;PLUG DE FASE 13 - JAT CR (038.021.00);MATERIA_PRIMA;UN;ATIVO;0;0;0;0;0;44;PF -13- JAT - CR (038.021.00);;NAO;
MP-045;PLUG DE FASE 07 - JAT CR (038.020.00);MATERIA_PRIMA;UN;ATIVO;0;0;0;0;0;45;PF - 07- JAT -CR (038.020.00);;NAO;
MP-046;PLUG DE FASE 07 - CR (038.002.01) 6X9 MB250;MATERIA_PRIMA;UN;ATIVO;0;0;0;0;0;46;PF - 07- CR (038.002.01);;NAO;
MP-047;PLUG DE FASE ( No19 ) TW STE400 - PC226;MATERIA_PRIMA;UN;ATIVO;0;0;0;0;0;47;PF - PC226;;NAO;
MP-049;PIPETA 3 ML (COD: 4130006);MATERIA_PRIMA;UN;ATIVO;0;0;0;0;0;49;PIPETA 3 ML (COD: 4130006);;SIM;Possivel USO_E_CONSUMO (ferramenta de aplicacao) e nao materia-prima do produto
MP-050;BOB EVK-001 - KIT REPARO 8"MB250/300;MATERIA_PRIMA;UN;ATIVO;0;0;0;0;0;50;BOB EVK-001;;NAO;
MP-051;BOB EVK-011 - AF 6X9 280;MATERIA_PRIMA;UN;ATIVO;0;0;0;0;0;51;BOB EVK-011;;NAO;
MP-052;BOB EVK-020 - AF 12" SW 900 4OHMS;MATERIA_PRIMA;UN;ATIVO;0;0;0;0;0;52;BOB EVK-020;;NAO;
MP-053;BOB EVK-022 - AF 12" SW 900 8OHMS;MATERIA_PRIMA;UN;ATIVO;0;0;0;0;0;53;BOB EVK-022;;NAO;
MP-054;BOB EVK-023 - AF 12" SW 1500 2OHMS;MATERIA_PRIMA;UN;ATIVO;0;0;0;0;0;54;BOB EVK-023;;NAO;
MP-055;PARAFUSO MET.PAN PHS M5X8MM BI (05595);MATERIA_PRIMA;UN;ATIVO;0;0;0;0;0;55;PARAF M5X8 PAN PHS;;NAO;
MP-056;BOB EVK-024 - AF 12" SW 2000 2OHMS;MATERIA_PRIMA;UN;ATIVO;0;0;0;0;0;56;BOB EVK-024;;NAO;
MP-057;BOB EVK-M4060401 - AF 6MB230/ 6MB300 04 OHMS;MATERIA_PRIMA;UN;ATIVO;0;0;0;0;0;57;BOB EVK-M4060401;;SIM;CRITICO - referencia duplicada com MP-060 e coluna Referencia deslocada no legado - conferir bobina fisica antes de usar em BOM
MP-058;PARAF MET PAN PHS M5X16MM BI (COD. 05153);MATERIA_PRIMA;UN;ATIVO;0;0;0;0;0;58;PARAF M5X16 PAN PHS;;NAO;
MP-059;PARAF MET CIL M3X35MM;MATERIA_PRIMA;UN;ATIVO;0;0;0;0;0;59;PARAF M3X35 CH PHS;;NAO;
MP-060;BOB EVK-M4060801 - AF 6" MB300 / KIT REPARO 230;MATERIA_PRIMA;UN;ATIVO;0;0;0;0;0;60;BOB EVK-M4060401;;SIM;CRITICO - referencia (M4060401) nao bate com a descricao (M4060801) - conferir bobina fisica antes de usar em BOM
MP-061;BOB EVK-M5120801 - AF 6MB300 08 OHMS;MATERIA_PRIMA;UN;ATIVO;0;0;0;0;0;61;BOB EVK-M4060801;;SIM;CRITICO - referencia (M4060801) nao bate com a descricao (M5120801) - conferir bobina fisica antes de usar em BOM
MP-062;PARAF MET CHA PHS M5X25MM ZI;MATERIA_PRIMA;UN;ATIVO;0;0;0;0;0;62;PARAF M5X25 CH PHS;;NAO;
MP-063;PARAF MET CH PHS M5X30MM BI (12269);MATERIA_PRIMA;UN;ATIVO;0;0;0;0;0;63;PARAF M5X30 CH PHS;;NAO;
MP-064;BOB EVK-M5120801 - AF 8" MB300X 8OHMS;MATERIA_PRIMA;UN;ATIVO;0;0;0;0;0;64;BOB EVK-M5120801;;SIM;CRITICO - mesma referencia M5120801 aparece em MP-061 e MP-064 para alto-falantes diferentes - conferir bobina fisica
MP-065;PARAF M6X20 PHS SUB 12" SW700;MATERIA_PRIMA;UN;ATIVO;0;0;0;0;0;65;PARAF M6X20 PAN PHS;;NAO;
MP-066;PARAF M6X16 PAN (07047) SUB 1500;MATERIA_PRIMA;UN;ATIVO;0;0;0;0;0;66;PARAF M6X16 PAN PHS;;NAO;
MP-067;PARAF M6X16 CILINDRO OXI 95XINT (26818) SUB 600;MATERIA_PRIMA;UN;ATIVO;0;0;0;0;0;67;PARAF M6X16 CIL OXI 95XINT;;NAO;
MP-068;BOB EVK-M694.2 - AF 6X9 250 / 6" MB230X / WF 200;MATERIA_PRIMA;UN;ATIVO;0;0;0;0;0;68;BOB EVK-M694.2;;NAO;
MP-069;PARAF M6X12 (06140) PHS CARCACA SUB SW900X;MATERIA_PRIMA;UN;ATIVO;0;0;0;0;0;69;PARAF M6X12 PHS;;NAO;
MP-070;PARAF M5X6 (05625) PHS CARCACA MEDIO 6",8" E 6X9";MATERIA_PRIMA;UN;ATIVO;0;0;0;0;0;70;PARAF M5X6 PAN PHS;;NAO;
MP-071;BOB EVK-M698.1 - AF 6X9 280;MATERIA_PRIMA;UN;ATIVO;0;0;0;0;0;71;BOB EVK-M698.1;;NAO;
MP-072;BOB EVK-S1202 - AF DARK 15" 2OHMS;MATERIA_PRIMA;UN;ATIVO;0;0;0;0;0;72;BOB EVK-S1202;;NAO;
MP-073;PARAF M5X40 PHILIPS PLUG FASE 6X9;MATERIA_PRIMA;UN;ATIVO;0;0;0;0;0;73;PARAF M5X40 PHS;;NAO;
MP-074;PARAF M5X35 PHILIPS PLUG DE FASE (COD. 03795);MATERIA_PRIMA;UN;ATIVO;0;0;0;0;0;74;PARAF M5X35 FHILIPS;;NAO;
MP-075;PARAF M4X40 MT CH PHS BI;MATERIA_PRIMA;UN;ATIVO;0;0;0;0;0;75;PARAF M4X40 MT CH PHS BI;;NAO;
MP-076;PARAF M4X16MM PAN PHS ZINCO;MATERIA_PRIMA;UN;ATIVO;0;0;0;0;0;76;PARAF M4X16MM PAN PHS ZI;;NAO;
MP-077;PARAF M4X12MM PAN PHS ZINCO;MATERIA_PRIMA;UN;ATIVO;0;0;0;0;0;77;PARAF M4X12MM PAN PHS ZI;;NAO;
MP-078;BOB EVK-S1208 - AF DARK 15" 8OHMS;MATERIA_PRIMA;UN;ATIVO;0;0;0;0;0;78;BOB EVK-S1208;;NAO;
MP-079;PARAF CARCACA M6X30 PAN PHS (04552);MATERIA_PRIMA;UN;ATIVO;0;0;0;0;0;79;PARAF M6X30 PAN PHS;;NAO;
MP-080;PARAF CARCACA M6X30 CHATA PHS ZI (07001) 12S1000;MATERIA_PRIMA;UN;ATIVO;0;0;0;0;0;80;PARAF M6X30 CH PHS ZI;;NAO;
MP-081;PARAF 6,0X40 CHATA PHS JFX;MATERIA_PRIMA;UN;ATIVO;0;0;0;0;0;81;PARAF 6,0X40 CH PHS JFX;;NAO;
MP-082;COLA LOCTITE 5181H BO1KG;MATERIA_PRIMA;UN;ATIVO;0;0;0;0;0;82;COL- LOC-5181H BO1KG;KG;SIM;DUPLICATA de MP-197 (mesma cola) + unidade deveria ser KG - decidir qual codigo fica
MP-083;BOB EVK-S516041 - AF 12" 600 4OHMS;MATERIA_PRIMA;UN;ATIVO;0;0;0;0;0;83;BOB EVK-S516041;;NAO;
MP-084;LINGUETA COD - 1610098;MATERIA_PRIMA;UN;ATIVO;0;0;0;0;0;84;LING-1610098;;NAO;
MP-085;KIT REP TW STE400 MKT019;MATERIA_PRIMA;UN;ATIVO;0;0;0;0;0;85;KIT - MKT019;;NAO;
MP-086;BOB EVK-S642042 - AF 10" 1000 4OHMS;MATERIA_PRIMA;UN;ATIVO;0;0;0;0;0;86;BOB EVK-S642042;;NAO;
MP-087;BOB EVK-S642082 - AF 10" 1000 8OHMS;MATERIA_PRIMA;UN;ATIVO;0;0;0;0;0;87;BOB EVK-S642082;;NAO;
MP-088;BOB EVK-S74 - AF 12" 700 4OHMS;MATERIA_PRIMA;UN;ATIVO;0;0;0;0;0;88;BOB EVK-S74;;NAO;
MP-089;KIT REP TW STE400 (MKT013) PRODUCAO;MATERIA_PRIMA;UN;ATIVO;0;0;0;0;0;89;KIT - MKT013;;NAO;
MP-090;BOB EVK-S770021 - AF SUB 12" 1500 2OHMS - ANTIGO;MATERIA_PRIMA;UN;ATIVO;0;0;0;0;0;90;BOB EVK-770021;;SIM;Descricao do legado dizia S770081 (que e o 8 OHMS - MP-091) - corrigido para S770021 conforme a referencia. Marcado ANTIGO - avaliar inativar
MP-091;BOB EVK-S770081 - AF SUB 12" 1500 8OHMS - ANTIGO;MATERIA_PRIMA;UN;ATIVO;0;0;0;0;0;91;BOB EVK-S770081;;SIM;Marcado ANTIGO - avaliar inativar
MP-092;GUARNICAO ARO 6X9" EVOK - ABS HOT STAMPING PRATA (CODIGO PC5002);MATERIA_PRIMA;UN;ATIVO;0;0;0;0;0;92;GUARN. 6X9" EVK- ABS-HOT STAMPIG-PRATA (CODIGO PC5002);;NAO;
MP-093;BOB EVK-S78;MATERIA_PRIMA;UN;ATIVO;0;0;0;0;0;93;BOB EVK-S78;;SIM;Descricao nao informa a qual alto-falante pertence - completar
MP-094;BOB KPO.12 45X28X10X3.5X0,29 CCAW+BERILIO - 6X9 350 STEEL/ALUMINIO;MATERIA_PRIMA;UN;ATIVO;0;0;0;0;0;94;BOB KPO.12 45X28X10X3.5X0,29 CCAW+BERILIO;;NAO;
MP-095;GUARNICAO ARO 6" EVOK - ABS HOT STAMPING PRATA (CODIGO PC5000);MATERIA_PRIMA;UN;ATIVO;0;0;0;0;0;95;GUAR. 6" EVK- ABS-HOT STAMPIG-PRATA (CODIGO PC 5000);;NAO;
MP-096;GUARNICAO EVOK 4 - SUB DE 10" 1000;MATERIA_PRIMA;UN;ATIVO;0;0;0;0;0;96;GUAR. EVK 4;;NAO;
MP-097;GUARNICAO EVOK 3 - AF 12" 600;MATERIA_PRIMA;UN;ATIVO;0;0;0;0;0;97;GUAR. EVK 3;;NAO;
MP-098;GUARNICAO EVOK 2 - AF SUB 12" 1500;MATERIA_PRIMA;UN;ATIVO;0;0;0;0;0;98;GUAR. EVK 2;;NAO;
MP-099;GUARNICAO 8" INJETADA;MATERIA_PRIMA;UN;ATIVO;0;0;0;0;0;99;GUAR. 8";;NAO;
MP-100;GUARNICAO 6X9 INJETADA;MATERIA_PRIMA;UN;ATIVO;0;0;0;0;0;100;GUAR. 6X9;;NAO;
MP-101;GUARNICAO 6" INJETADA;MATERIA_PRIMA;UN;ATIVO;0;0;0;0;0;101;GUAR. 6";;NAO;
MP-102;GUARNICAO 12" BORRACHA SUB SW700X/SW900 (CARCACA DE ALUMINIO);MATERIA_PRIMA;UN;ATIVO;0;0;0;0;0;102;GUAR. EVK 01;;NAO;
MP-103;GUARNICAO (05203) ALTO FALANTE 6X9" CROMO EVOK + FRISO;MATERIA_PRIMA;UN;ATIVO;0;0;0;0;0;103;GUAR. 6X9" CROMO EVOK + FRISO;;NAO;
MP-104;GUARNICAO G-40251 12SW1500 E 12SW2000B;MATERIA_PRIMA;UN;ATIVO;0;0;0;0;0;104;GUAR. G-40251;;NAO;
MP-105;FRENTE TWEETER PRETO SEM BALA STE400 (ABS);MATERIA_PRIMA;UN;ATIVO;0;0;0;0;0;105;FRENT-TW-ABS-S/BALA;;NAO;
MP-106;FRENTE TWEETER PRETO S/MIOLO - EVOK HOT STAMPING PRATA PC5004;MATERIA_PRIMA;UN;ATIVO;0;0;0;0;0;106;FRENT-TW-ABS-S/BALA - PC5004;;NAO;
MP-107;FRENTE TWEETER PRETO COM BALA STE400 (ABS);MATERIA_PRIMA;UN;ATIVO;0;0;0;0;0;107;FRENT-TW-ABS-C/BALA;;NAO;
MP-108;FRENTE TWEETER CRISTAL SEM BALA STE400 (POLICARBONATO);MATERIA_PRIMA;UN;ATIVO;0;0;0;0;0;108;FRENT-TW-ACR-S/BALA;;NAO;
MP-109;FRENTE TWEETER CRISTAL S/MIOLO - EVOK HOT STAMPING PRATA PC5005;MATERIA_PRIMA;UN;ATIVO;0;0;0;0;0;109;FRENT-TW-ACR-S/BALA - PC5005;;NAO;
MP-110;FRENTE TWEETER CRISTAL COM BALA STE400 (POLICARBONATO);MATERIA_PRIMA;UN;ATIVO;0;0;0;0;0;110;FRENT-TW-ACR-C/BALA;;NAO;
MP-111;FERRITE 200X86X26 - AF SUB 2000;MATERIA_PRIMA;UN;ATIVO;0;0;0;0;0;111;FERRITE 200X86X26;;NAO;
MP-112;BOBINA EVK - S773861M1 - AF 12" SW 1500 8OHMS;MATERIA_PRIMA;UN;ATIVO;0;0;0;0;0;112;BOBINA EVK - S773861M1;;NAO;
MP-113;BOBINA EVK - S774261M1 - AF 12" SW 2000 OHMS;MATERIA_PRIMA;UN;ATIVO;0;0;0;0;0;113;BOBINA EVK - S774261M1;;SIM;Descricao nao informa a impedancia (esta escrito so "OHMS") - completar
MP-114;BOBINA EVK-S64204034M1 - AF 12" SW 1000 / S1000 4OHMS;MATERIA_PRIMA;UN;ATIVO;0;0;0;0;0;114;BOBINA EVK-S64204034M1;;NAO;
MP-115;BOBINA EVK-S64204053M1 - AF 12" SW 1000 / S1000 8OHMS;MATERIA_PRIMA;UN;ATIVO;0;0;0;0;0;115;BOBINA EVK-S64204053M1;;NAO;
MP-116;BORNE TH003-10 (PAR);MATERIA_PRIMA;UN;ATIVO;0;0;0;0;0;116;BOR - TH003-10;;SIM;Descricao diz (PAR) mas unidade e UN - confirmar se 1 UN = 1 par ou 1 borne
MP-117;BORNE TH024-16 TP012 0.8MM (SUB 1500);MATERIA_PRIMA;UN;ATIVO;0;0;0;0;0;117;BOR - TH024-16;;NAO;
MP-118;FERRITE 180X86X25 - AF SUB 121500;MATERIA_PRIMA;UN;ATIVO;0;0;0;0;0;118;FERRITE 180X86X25;;NAO;
MP-119;BORNE TH24-16 (SUB 700 E 900);MATERIA_PRIMA;UN;ATIVO;0;0;0;0;0;119;BOR - TH24-16;;NAO;
MP-120;CAR - 12" EVOK - 12" 1500 ANTIGO;MATERIA_PRIMA;UN;ATIVO;0;0;0;0;0;120;CAR - 12" EVOK;;SIM;Marcado ANTIGO - avaliar inativar
MP-121;FERRITE 169X86X30 - AF DARK 15;MATERIA_PRIMA;UN;ATIVO;0;0;0;0;0;121;FERRITE 169X86X30;;NAO;
MP-122;CAR - 12" EVOK SW 900 - 12" SW 900;MATERIA_PRIMA;UN;ATIVO;0;0;0;0;0;122;CAR - 12" EVOK SW 900;;NAO;
MP-123;CAR - 12" GT PR FOS (038.016.08) - AF 12" 600;MATERIA_PRIMA;UN;ATIVO;0;0;0;0;0;123;CAR - 12" GT PR FOS (038.016.08);;NAO;
MP-124;FERRITE 169X72X26 - AF 12" SW700X/SW900X;MATERIA_PRIMA;UN;ATIVO;0;0;0;0;0;124;FERRITE 169X72X26;;NAO;
MP-125;CAR - 12" ST PR FOS (038.015.08) - AF 12" 1000;MATERIA_PRIMA;UN;ATIVO;0;0;0;0;0;125;CAR - 12" ST PR FOS (038.015.08);;NAO;
MP-126;FERRITE 169X72X24 - AF SUB 10" 1000;MATERIA_PRIMA;UN;ATIVO;0;0;0;0;0;126;FERRITE 169X72X24;;NAO;
MP-127;FERRITE 147X63X24 - AF SUB 12" 600;MATERIA_PRIMA;UN;ATIVO;0;0;0;0;0;127;FERRITE 147X63X24;;NAO;
MP-128;CAR - 6"23 - AF 6" MB230X;MATERIA_PRIMA;UN;ATIVO;0;0;0;0;0;128;CAR - 6"23;;NAO;
MP-129;CAR - 6"30 - AF 6" MB300;MATERIA_PRIMA;UN;ATIVO;0;0;0;0;0;129;CAR - 6"30;;NAO;
MP-130;FERRITE 147X63X20 - AF 8" MB300;MATERIA_PRIMA;UN;ATIVO;0;0;0;0;0;130;FERRITE 147X63X20;;NAO;
MP-131;CAR - 6X9 PR FOS ALU. (038.013.08) - AF 6X9 350 SUPREME/STEEL;MATERIA_PRIMA;UN;ATIVO;0;0;0;0;0;131;CAR - 6X9 PR FOS ALU. (038.013.08);;NAO;
MP-132;CAR - 8SUB 40 - AF 8" MB300X;MATERIA_PRIMA;UN;ATIVO;0;0;0;0;0;132;CAR - 8SUB 40;;NAO;
MP-133;FERRITE 147X63X18;MATERIA_PRIMA;UN;ATIVO;0;0;0;0;0;133;FERRITE 147X63X18;;SIM;Descricao nao informa a qual alto-falante pertence - completar
MP-134;CAR - 6X9 ESS - AF 6X9 250/280;MATERIA_PRIMA;UN;ATIVO;0;0;0;0;0;134;CAR - 6X9 ESS;;NAO;
MP-135;FERRITE 134X59X18 - AF 6" MB300;MATERIA_PRIMA;UN;ATIVO;0;0;0;0;0;135;FERRITE 134X59X18;;NAO;
MP-136;CAR - 6" PR FOS ALU. (038.011.08) - AF 6" 350;MATERIA_PRIMA;UN;ATIVO;0;0;0;0;0;136;CAR - 6" PR FOS ALU. (038.011.08);;NAO;
MP-137;CAR - 12" EVOK 2" PR FOS - AF 12" SW 1500 / SW 2000;MATERIA_PRIMA;UN;ATIVO;0;0;0;0;0;137;CAR - 12" EVOK 2" PR FOS;;NAO;
MP-138;CAR - 10" ST PR FOS - AF 10" 1000;MATERIA_PRIMA;UN;ATIVO;0;0;0;0;0;138;CAR - 10" ST PR FOS;;NAO;
MP-139;FERRITE 134X56X18 - AF 6 300 4 E 8 OHMS;MATERIA_PRIMA;UN;ATIVO;0;0;0;0;0;139;FERRITE 134X56X18;;NAO;
MP-140;CAR - 12" 700 ALUM - AF 12 SW 700;MATERIA_PRIMA;UN;ATIVO;0;0;0;0;0;140;CAR - 12" 700 ALUM;;NAO;
MP-141;FERRITE 134X51X18 - AF 6 350 / 6X9 350;MATERIA_PRIMA;UN;ATIVO;0;0;0;0;0;141;FERRITE 134X51X18;;NAO;
MP-142;CAR - 15" ALUM - AF 15" DARK;MATERIA_PRIMA;UN;ATIVO;0;0;0;0;0;142;CAR - 15" ALUM;;NAO;
MP-143;FERRITE 134X49X18;MATERIA_PRIMA;UN;ATIVO;0;0;0;0;0;143;FERRITE 134X49X18;;SIM;Descricao nao informa a qual alto-falante pertence - completar
MP-144;FERRITE 134X45X18 - 6MB300;MATERIA_PRIMA;UN;ATIVO;0;0;0;0;0;144;FERRITE 134X45X18;;NAO;
MP-145;FERRITE 115X45X20 - AF 6X9 MB280;MATERIA_PRIMA;UN;ATIVO;0;0;0;0;0;145;FERRITE 115X45X20;;NAO;
MP-146;FERRITE 115X45X17 - AF 6X9 MB250 - 6" MB230X / 6" WF200;MATERIA_PRIMA;UN;ATIVO;0;0;0;0;0;146;FERRITE 115X45X17;;NAO;
MP-147;FERRITE 102X51X14 - TWEETER;MATERIA_PRIMA;UN;ATIVO;0;0;0;0;0;147;FERRITE 102X51X14;;NAO;
MP-148;CENTRAGEM DE TECIDO NA COR PRETA D66-115-115*45*3.7*0 - AF 6" 350 / 6X9 350;MATERIA_PRIMA;UN;ATIVO;0;0;0;0;0;148;CENT - D66-115-115*45*3.7*0;;NAO;
MP-149;FERRAGEM TWEETER SUPREME - TW-01042026;MATERIA_PRIMA;UN;ATIVO;0;0;0;0;0;149;FERRAG - TW - SUP- 01042026;;NAO;
MP-150;CENTRAGEM PRD01377 - KIT 8" MB250/MB300;MATERIA_PRIMA;UN;ATIVO;0;0;0;0;0;150;CENT - PRD01377;;NAO;
MP-151;FERRAGEM TWEETER EVOK (9999700746);MATERIA_PRIMA;UN;ATIVO;0;0;0;0;0;151;FERRAG - TW - EVK (9999700746);;NAO;
MP-152;FERRAGEM SUB 12" SW900X 8OHMS;MATERIA_PRIMA;UN;ATIVO;0;0;0;0;0;152;FERRAG - 12" SW900X 8OHMS;;NAO;
MP-153;FERRAGEM SUB 12" SW900X 4OHMS;MATERIA_PRIMA;UN;ATIVO;0;0;0;0;0;153;FERRAG - 12" SW900X 4OHMS;;NAO;
MP-154;FERRAGEM SUB 12" SW700X 8OHMS;MATERIA_PRIMA;UN;ATIVO;0;0;0;0;0;154;FERRAG - 12" SW700X 8OHMS;;NAO;
MP-155;FERRAGEM SUB 12" SW700X 4OHMS - COD 135;MATERIA_PRIMA;UN;ATIVO;0;0;0;0;0;155;FERRAG - 12" SW700X 4OHMS;;SIM;Descricao cita "COD 135" - codigo de outro sistema - confirmar se e o mesmo item do legado 135
MP-156;CENTRAGEM PRD01768 - AF SUB 12SW900X;MATERIA_PRIMA;UN;ATIVO;0;0;0;0;0;156;CENT - PRD01768;;NAO;
MP-157;CENTRAGEM PRD01775 - AF 6X9 MB280;MATERIA_PRIMA;UN;ATIVO;0;0;0;0;0;157;CENT - PRD01775;;NAO;
MP-158;FERRAGEM SUB 12" 600 4OHMS;MATERIA_PRIMA;UN;ATIVO;0;0;0;0;0;158;FERRAG - 12"600;;NAO;
MP-159;CENTRAGEM PRD02060 - AF 6" MB230/MB300;MATERIA_PRIMA;UN;ATIVO;0;0;0;0;0;159;CENT - PRD02060;;NAO;
MP-160;FERRAGEM SUB 101000-31052023 8OHMS;MATERIA_PRIMA;UN;ATIVO;0;0;0;0;0;160;FERRAG - 101000-31052023;;SIM;Referencia identica a MP-161 no legado (uma e 4 OHMS a outra 8 OHMS) - criar referencias distintas
MP-161;FERRAGEM SUB 101000-31052023 4OHMS;MATERIA_PRIMA;UN;ATIVO;0;0;0;0;0;161;FERRAG - 101000-31052023;;SIM;Referencia identica a MP-160 no legado (uma e 4 OHMS a outra 8 OHMS) - criar referencias distintas
MP-162;FERRAGEM SLS-19514-05062025 12" SW 2000;MATERIA_PRIMA;UN;ATIVO;0;0;0;0;0;162;FERRAG - SLS-19514-05062025;;NAO;
MP-163;CENTRAGEM PRD02489 - AF 6X9 DARK260;MATERIA_PRIMA;UN;ATIVO;0;0;0;0;0;163;CENT - PRD02489;;NAO;
MP-164;CENTRAGEM PRD02843 - AF 6X9 MB250;MATERIA_PRIMA;UN;ATIVO;0;0;0;0;0;164;CENT - PRD02843;;NAO;
MP-165;FERRAGEM SLS-17514-05062025 12SW1500;MATERIA_PRIMA;UN;ATIVO;0;0;0;0;0;165;FERRAG - SLS-17514-05062025;;NAO;
MP-166;CENTRAGEM PRD02858 - AF 12SW700;MATERIA_PRIMA;UN;ATIVO;0;0;0;0;0;166;CENT - PRD02858;;NAO;
MP-167;FERRAGEM MB3 - AF 6MB300;MATERIA_PRIMA;UN;ATIVO;0;0;0;0;0;167;FERRAG - MB3;;NAO;
MP-168;FERRAGEM MB2 - AF 8MB300X;MATERIA_PRIMA;UN;ATIVO;0;0;0;0;0;168;FERRAG - MB2;;NAO;
MP-169;CENTRAGEM PRD02859 - AF SUB 12" 600;MATERIA_PRIMA;UN;ATIVO;0;0;0;0;0;169;CENT - PRD02859;;NAO;
MP-170;CENTRAGEM PRD02882 - AF SUB 10" 1000;MATERIA_PRIMA;UN;ATIVO;0;0;0;0;0;170;CENT - PRD02882;;NAO;
MP-171;CENTRAGEM PRD03043 - AF 6WF200 / 6MB230X;MATERIA_PRIMA;UN;ATIVO;0;0;0;0;0;171;CENT - PRD03043;;NAO;
MP-172;CENTRAGEM PRD03110 - AF SUB DARK15;MATERIA_PRIMA;UN;ATIVO;0;0;0;0;0;172;CENT - PRD03110;;NAO;
MP-173;CENTRAGEM PRD05358 - AF 8MB300X;MATERIA_PRIMA;UN;ATIVO;0;0;0;0;0;173;CENT - PRD05358;;NAO;
MP-174;CENTRAGEM PRD05604 TRIPLA - AF SUB 12" 1500;MATERIA_PRIMA;UN;ATIVO;0;0;0;0;0;174;CENT - PRD05604 TRIPLA;;NAO;
MP-175;CENTRAGEM PRD05816 - AF 12" SW2000;MATERIA_PRIMA;UN;ATIVO;0;0;0;0;0;175;CENT - PRD05816;;NAO;
MP-176;CENTRAGEM PRD06005 - AF 12" SW1500 8 OHMS;MATERIA_PRIMA;UN;ATIVO;0;0;0;0;0;176;CENT - PRD06005;;NAO;
MP-177;CENTRAGEM PRD06073 - AF 12" S1000 / 12" SW1000;MATERIA_PRIMA;UN;ATIVO;0;0;0;0;0;177;CENT - PRD06073;;NAO;
MP-178;COLA BORRACHA 5032-P ZBOND 19G - REPARO;MATERIA_PRIMA;UN;ATIVO;0;0;0;0;0;178;COLA-P ZBOND19G;G;SIM;Unidade: cola vendida em 19G cadastrada como UN - a BOM consome grama, nao unidade
MP-179;COLA BORRACHA CB-5502 3KG;MATERIA_PRIMA;UN;ATIVO;0;0;0;0;0;179;CB-5502- 3KG;KG;SIM;Unidade: cola vendida em 3KG cadastrada como UN - a BOM consumiria 3 kg por peca
MP-180;COLA BORRACHA CB-5507 3KG;MATERIA_PRIMA;UN;ATIVO;0;0;0;0;0;180;CB-5507- 3KG;KG;SIM;Unidade: cola vendida em 3KG cadastrada como UN - a BOM consumiria 3 kg por peca
MP-181;COLA BORRACHA LIQUIDA CB-5500 P 3KG;MATERIA_PRIMA;UN;ATIVO;0;0;0;0;0;181;CB-5500- 3KG;KG;SIM;Unidade: cola vendida em 3KG cadastrada como UN - a BOM consumiria 3 kg por peca
MP-182;COLA CIANO CB 15 FRASCO DE 1KG INCOLOR;MATERIA_PRIMA;UN;ATIVO;0;0;0;0;0;182;CB15- 1KG;KG;SIM;Unidade: cola vendida em 1KG cadastrada como UN
MP-183;FERRAGEM MB0.1 - LANCAMENTO;MATERIA_PRIMA;UN;ATIVO;0;0;0;0;0;183;FERRAG - MB0.1;;SIM;Item marcado LANCAMENTO - confirmar se ja esta em producao
MP-184;COLA CIANO CB 80 PRETO 1KG (5010118008001);MATERIA_PRIMA;UN;ATIVO;0;0;0;0;0;184;CB80- 1KG;KG;SIM;Unidade: cola vendida em 1KG cadastrada como UN
MP-185;FERRAGEM MB0 - 6X9 MB250 E 6" MB230X / 6" WF200;MATERIA_PRIMA;UN;ATIVO;0;0;0;0;0;185;FERRAG - MB0;;NAO;
MP-186;COLA CIANO INCOLOR CB-15 20G REPARO;MATERIA_PRIMA;UN;ATIVO;0;0;0;0;0;186;CB15- 20G;G;SIM;Unidade: cola vendida em 20G cadastrada como UN
MP-187;COLA CIANO PRETO CB-80 20G REPARO (COD: 5010118004020);MATERIA_PRIMA;UN;ATIVO;0;0;0;0;0;187;CB80- 20G;G;SIM;Unidade: cola vendida em 20G cadastrada como UN
MP-188;COLA ESTRUTURAL CB 31AX - PARTE A;MATERIA_PRIMA;UN;ATIVO;0;0;0;0;0;188;CB31XA;KG;SIM;Unidade: cola bicomponente a granel cadastrada como UN - definir KG e proporcao com MP-190
MP-189;FERRAGEM MB 3.2 - LINHA AF 350;MATERIA_PRIMA;UN;ATIVO;0;0;0;0;0;189;FERRAG - MB 3.2;;NAO;
MP-190;COLA ESTRUTURAL CB 31BX - PARTE B;MATERIA_PRIMA;UN;ATIVO;0;0;0;0;0;190;CB31XB;KG;SIM;Unidade: cola bicomponente a granel cadastrada como UN - definir KG e proporcao com MP-188
MP-191;FERRAGEM MB 1.3 - LANCAMENTO;MATERIA_PRIMA;UN;ATIVO;0;0;0;0;0;191;FERRAG - MB 1.3;;SIM;Item marcado LANCAMENTO - confirmar se ja esta em producao
MP-192;COLA ESTRUTURAL TB3924E;MATERIA_PRIMA;UN;ATIVO;0;0;0;0;0;192;TB3924E;KG;SIM;Unidade: cola a granel cadastrada como UN
MP-193;COLA ESTRUTURAL TB3929E;MATERIA_PRIMA;UN;ATIVO;0;0;0;0;0;193;TB3929E;KG;SIM;Unidade: cola a granel cadastrada como UN
MP-194;FERRAGEM MB 1.2 - AF 6X9 DARK260 / MB280;MATERIA_PRIMA;UN;ATIVO;0;0;0;0;0;194;FERRAG - MB 1.2;;NAO;
MP-195;COLA ESTRUTURAL TB39B064 / 1 KG;MATERIA_PRIMA;UN;ATIVO;0;0;0;0;0;195;TB39B0641 KG;KG;SIM;Unidade: cola vendida em 1KG cadastrada como UN
MP-196;COLA ESTRUTURAL TB39B065 / 1KG;MATERIA_PRIMA;UN;ATIVO;0;0;0;0;0;196;TB39B065-1KG;KG;SIM;Unidade: cola vendida em 1KG cadastrada como UN
MP-197;COLA LOCTITE 5181H BO1KG COD 282841;MATERIA_PRIMA;UN;ATIVO;0;0;0;0;0;197;LOC-5181H-BO1KG;KG;SIM;DUPLICATA de MP-082 (mesma cola) + unidade deveria ser KG - decidir qual codigo fica
MP-198;FERRAGEM EVOK-166147070 12" 1000 4 OHMS;MATERIA_PRIMA;UN;ATIVO;0;0;0;0;0;198;FERRAG - 166147070;;NAO;
MP-199;FERRAGEM EVOK-166146980 12" 1000 8OHMS;MATERIA_PRIMA;UN;ATIVO;0;0;0;0;0;199;FERRAG - 166146980;;NAO;
MP-200;DISSIPADOR EVOK-3 MAIOR JAT (038.010.00) - AF 12" 1500/2000;MATERIA_PRIMA;UN;ATIVO;0;0;0;0;0;200;DIS-EVK 3-JAT(038.010.00);;NAO;
MP-201;DISSIPADOR EVOK 2,5 MENOR - JAT (038.009.00) - SUB 10" 1000;MATERIA_PRIMA;UN;ATIVO;0;0;0;0;0;201;DIS - EVK 2,5 JAT;;NAO;
MP-202;C-20 - CX TWEETER 6 UNIDADES;MATERIA_PRIMA;UN;ATIVO;0;0;0;0;0;202;C-20;;SIM;Caixa coletiva de 6 unidades - confirmar se 1 UN = 1 caixa
MP-203;C-19 - CX TWEETER STE400;MATERIA_PRIMA;UN;ATIVO;0;0;0;0;0;203;C-19;;NAO;
MP-204;C-18 - CX TWEETER SUPREME - LANCAMENTO;MATERIA_PRIMA;UN;ATIVO;0;0;0;0;0;204;C-18;;SIM;Item marcado LANCAMENTO - confirmar se ja esta em producao
MP-205;C-17 - CX SUB 12" 1500/2000 - LANCAMENTO;MATERIA_PRIMA;UN;ATIVO;0;0;0;0;0;205;C-17;;SIM;Item marcado LANCAMENTO - confirmar se ja esta em producao
MP-206;C-16 - CX REPARO 10" 1000;MATERIA_PRIMA;UN;ATIVO;0;0;0;0;0;206;C-16;;NAO;
MP-207;C-15 - CX REP TWEETER STE400;MATERIA_PRIMA;UN;ATIVO;0;0;0;0;0;207;C-15;;NAO;
MP-208;C-14 - CX REP MEDIO 6" E 8" 6X9;MATERIA_PRIMA;UN;ATIVO;0;0;0;0;0;208;C-14;;NAO;
MP-209;C-13 - CX REP 12" SW 1500/2000;MATERIA_PRIMA;UN;ATIVO;0;0;0;0;0;209;C-13;;NAO;
MP-210;C-12 - CX REP 12";MATERIA_PRIMA;UN;ATIVO;0;0;0;0;0;210;C-12;;NAO;
MP-211;C-11 - CX LOJA (LANCAMENTO);MATERIA_PRIMA;UN;ATIVO;0;0;0;0;0;211;C-11;;SIM;Item marcado LANCAMENTO - confirmar se ja esta em producao
MP-212;C-10 - CX AF SUB 10" 1000;MATERIA_PRIMA;UN;ATIVO;0;0;0;0;0;212;C-10;;NAO;
MP-213;C-09 - CX AF 6X9;MATERIA_PRIMA;UN;ATIVO;0;0;0;0;0;213;C-09;;NAO;
MP-214;C-08 - CX AF 6" MB 300;MATERIA_PRIMA;UN;ATIVO;0;0;0;0;0;214;C-08;;NAO;
MP-215;C-07 - CX AF 6" 6MB230X 6WF200;MATERIA_PRIMA;UN;ATIVO;0;0;0;0;0;215;C-07;;NAO;
MP-216;C-06 - CX AF 15" POLEGADAS;MATERIA_PRIMA;UN;ATIVO;0;0;0;0;0;216;C-06;;NAO;
MP-217;C-05 - CX 8" 8MB300X;MATERIA_PRIMA;UN;ATIVO;0;0;0;0;0;217;C-05;;NAO;
MP-218;C-04 - CX 6X9 350;MATERIA_PRIMA;UN;ATIVO;0;0;0;0;0;218;C-04;;NAO;
MP-219;C-03 - CX 6" 350;MATERIA_PRIMA;UN;ATIVO;0;0;0;0;0;219;C-03;;NAO;
MP-220;C-02 - CX 12" 1500 E 12" 600;MATERIA_PRIMA;UN;ATIVO;0;0;0;0;0;220;C-02;;NAO;
MP-221;C-01 - CX 12" UNIFICADA (600,700,900,1000);MATERIA_PRIMA;UN;ATIVO;0;0;0;0;0;221;C-01;;NAO;
MP-222;CORDOALHA BC-AGY28MK42W;MATERIA_PRIMA;UN;ATIVO;0;0;0;0;0;222;AGY28MK42W;M;SIM;Unidade: cordoalha vendida em rolo/metro cadastrada como UN
MP-223;CORDOALHA SUB 1500 64 FIOS;MATERIA_PRIMA;UN;ATIVO;0;0;0;0;0;223;HGF64YB-W;M;SIM;Unidade: cordoalha vendida em rolo/metro cadastrada como UN
MP-224;CORDOALHA 64 FIOS ENCAPADA (A02232T35CC2) SUB 600;MATERIA_PRIMA;UN;ATIVO;0;0;0;0;0;224;A02232T35CC2;M;SIM;Unidade: cordoalha vendida em rolo/metro cadastrada como UN
MP-225;CORD 1.8 - 2 MM (SUB SW700) PRATA E ALMA DE NOMEX 21 FIOS 120MTS POR KG;MATERIA_PRIMA;UN;ATIVO;0;0;0;0;0;225;21 FIOS;M;SIM;Unidade: a propria descricao diz 120 metros por kg - UN nao serve para consumo em BOM
MP-226;CORD 1,3MM A 1,5MM 16 FIOS PRATA E ALMA DE NOMEX ROLO 340MTS POR KG - LINHA DE MEDIO;MATERIA_PRIMA;UN;ATIVO;0;0;0;0;0;226;16 FIOS;M;SIM;Unidade: a propria descricao diz 340 metros por kg - UN nao serve para consumo em BOM
MP-227;CORD 2,1 A 2,5MM (SUB SW900X) EM PRATA E ALMA DE NOMEX 32 FIOS (ROLO 75MT NO KG) / KOIMAS CORD 08;MATERIA_PRIMA;UN;ATIVO;0;0;0;0;0;227;32 FIOS;M;SIM;Unidade: a propria descricao diz 75 metros por kg - UN nao serve para consumo em BOM
MP-228;CONE 6" TW166-393-M13-46MM - AF 6" 350;MATERIA_PRIMA;UN;ATIVO;0;0;0;0;0;228;CN 6" TW166-393-M13-46MM;;NAO;
MP-229;CONE 6" TW166-203-M13-41.8MM - LANCAMENTO;MATERIA_PRIMA;UN;ATIVO;0;0;0;0;0;229;CN 6" TW166- 203 - M13- 41.8MM;;SIM;Item marcado LANCAMENTO - confirmar se ja esta em producao
MP-230;CONE 10" CV-AP10EOX66,0 - AF SUB 10" 1000;MATERIA_PRIMA;UN;ATIVO;0;0;0;0;0;230;CN 10" CV-AP10EOX66,0;;NAO;
MP-231;CONE 6" YD166-18J-39.80MM - AF 6MB230X;MATERIA_PRIMA;UN;ATIVO;0;0;0;0;0;231;CN 6" YD166-18J-39.80MM;;NAO;
MP-232;CONE 6" YD166-392-41.80MM - AF 6MB300;MATERIA_PRIMA;UN;ATIVO;0;0;0;0;0;232;CN 6" YD166-392-41.80MM;;NAO;
MP-233;CONE 6" IMPORTADO FURO 39 BORDA BORRACHA - AF 6WF200;MATERIA_PRIMA;UN;ATIVO;0;0;0;0;0;233;CN 6" BORDA BORRACHA- FURO 39MM;;NAO;
MP-234;CONE 6X9 KEVLAR BX69-01-41.20MM - AF DARK260;MATERIA_PRIMA;UN;ATIVO;0;0;0;0;0;234;CN 6X9 KEVLAR BX69-01-41.20MM;;NAO;
MP-235;CONE 6X9 TW1623-203-M13-41.80MM - AF 6X9 280 LANCAMENTO;MATERIA_PRIMA;UN;ATIVO;0;0;0;0;0;235;CN 6X9 TW 1623-203-M13 - 41.80MM;;SIM;Item marcado LANCAMENTO - confirmar se ja esta em producao
MP-236;CONE 6X9 TW1623-51-M13-46MM - AF 6X9 350;MATERIA_PRIMA;UN;ATIVO;0;0;0;0;0;236;CN 6X9 TW1623-51-M13-46MM;;NAO;
MP-237;CONE 6X9 YD1623-28-39.8MM - AF 6X9 MB250;MATERIA_PRIMA;UN;ATIVO;0;0;0;0;0;237;CN 6X9 YD1623-28-39.80MM;;NAO;
MP-238;CONE 6X9 YD1623-56-41.80MM - AF 6X9 MB280;MATERIA_PRIMA;UN;ATIVO;0;0;0;0;0;238;CN-6X9YD1623-56-41.80MM;;NAO;
MP-239;ADESIVO IDENTIF CX 12S1000;MATERIA_PRIMA;UN;ATIVO;0;0;0;0;0;239;;;NAO;
MP-240;ADESIVO (E) CONE RECORT. BRANCO REFL. MEDIO LINHA STEEL 280;MATERIA_PRIMA;UN;ATIVO;0;0;0;0;0;240;;;NAO;
MP-241;ADESIVO 2OHMS;MATERIA_PRIMA;UN;ATIVO;0;0;0;0;0;241;;;NAO;
MP-242;ADESIVO 4OHMS;MATERIA_PRIMA;UN;ATIVO;0;0;0;0;0;242;;;NAO;
MP-243;CONE 8" TW200-102-52 - AF 8MB300X;MATERIA_PRIMA;UN;ATIVO;0;0;0;0;0;243;CN 8" TW200 - 102-52;;NAO;
MP-244;CONE AP6TK - KIT REPARO 6" MB230;MATERIA_PRIMA;UN;ATIVO;0;0;0;0;0;244;CN-AP6TK;;NAO;
MP-245;ADESIVO 8OHMS;MATERIA_PRIMA;UN;ATIVO;0;0;0;0;0;245;;;NAO;
MP-246;ADESIVO BOLA VERDE GRANDE;MATERIA_PRIMA;UN;ATIVO;0;0;0;0;0;246;;;NAO;
MP-247;ADESIVO BOLA VERDE PEQUENO;MATERIA_PRIMA;UN;ATIVO;0;0;0;0;0;247;;;NAO;
MP-248;CONE AP8TZ - AF 8MB300;MATERIA_PRIMA;UN;ATIVO;0;0;0;0;0;248;CN-AP8TZ;;NAO;
MP-249;ADESIVO GARANTIA;MATERIA_PRIMA;UN;ATIVO;0;0;0;0;0;249;;;NAO;
MP-250;CONE CV-AP12EY1X3 BORDA DE 60MM - KIT REPARO AF 12" 1500;MATERIA_PRIMA;UN;ATIVO;0;0;0;0;0;250;CN CV-AP12EY1X3;;NAO;
MP-251;CONE CV-AP-12EN2X52,8 - AF SUB 12600;MATERIA_PRIMA;UN;ATIVO;0;0;0;0;0;251;CN CV-AP-12EN2X52,8;;NAO;
MP-253;ADESIVO CONE 6MB230X / 6X9 MB250 - VERDE;MATERIA_PRIMA;UN;ATIVO;0;0;0;0;0;253;;;NAO;
MP-254;CONE CV-AP12EL3X66 - AF 12" S1000;MATERIA_PRIMA;UN;ATIVO;0;0;0;0;0;254;CN CV-AP12EL3X66;;NAO;
MP-255;ADESIVO CONE 6X9 DARK260 / MB280 / 6" MB260 / 6" WF200 CINZA;MATERIA_PRIMA;UN;ATIVO;0;0;0;0;0;255;;;NAO;
MP-256;ADESIVO CONE AF 6MB 300 CROMO;MATERIA_PRIMA;UN;ATIVO;0;0;0;0;0;256;;;NAO;
MP-257;CONE CVAP12EN3X57,0 - AF 12" SW700X;MATERIA_PRIMA;UN;ATIVO;0;0;0;0;0;257;CN CVAP12EN3X57,0;;NAO;
MP-258;CONE CV-AP12ENN1X61,50 - AF 12" SW900X;MATERIA_PRIMA;UN;ATIVO;0;0;0;0;0;258;CN CV-AP12ENN1X61,50;;NAO;
MP-259;ADESIVO CONE REFLETIVO VERNIZ MEDIO LINHA SUPREME 350 / STEEL 350;MATERIA_PRIMA;UN;ATIVO;0;0;0;0;0;259;;;NAO;
MP-260;ADESIVO EVOKZEIRO;MATERIA_PRIMA;UN;ATIVO;0;0;0;0;0;260;;;NAO;
MP-261;ADESIVO FERRITE KRUSCH PRETO LINHA STEEL 280;MATERIA_PRIMA;UN;ATIVO;0;0;0;0;0;261;;;NAO;
MP-262;CONE CV-AP12ENN1X66 (YD300-39-M4G49 155) - AF 12" SW1000;MATERIA_PRIMA;UN;ATIVO;0;0;0;0;0;262;CN CV-AP12ENN1X66 (YD300-39-M4G49( 155 );;NAO;
MP-263;CONE CV-AP12EZX3 - AF 12" SW1500/SW2000;MATERIA_PRIMA;UN;ATIVO;0;0;0;0;0;263;CN CV-AP12EZX3;;NAO;
MP-264;CONE TW1623-28-39.8MM - LANCAMENTO;MATERIA_PRIMA;UN;ATIVO;0;0;0;0;0;264;CN TW1623-28-39.8MM;;SIM;Item marcado LANCAMENTO - confirmar se ja esta em producao
MP-265;ADESIVO FERRITE KRUSCH PRETO LINHA SUPREME 350 / STEEL 350;MATERIA_PRIMA;UN;ATIVO;0;0;0;0;0;265;;;NAO;
MP-266;ADESIVO FERRITE KRUSCH TWEETER SUPREME;MATERIA_PRIMA;UN;ATIVO;0;0;0;0;0;266;;;NAO;
MP-267;ADESIVO FERRITE SUB 10" 1000;MATERIA_PRIMA;UN;ATIVO;0;0;0;0;0;267;;;NAO;
MP-268;ADESIVO FERRITE SUB 12" 600;MATERIA_PRIMA;UN;ATIVO;0;0;0;0;0;268;;;NAO;
MP-269;ADESIVO FERRITE SUB 12S1000 / 12SW1000;MATERIA_PRIMA;UN;ATIVO;0;0;0;0;0;269;;;NAO;
MP-270;ADESIVO FERRITE SUB 12SW1500;MATERIA_PRIMA;UN;ATIVO;0;0;0;0;0;270;;;NAO;
MP-271;ADESIVO FERRITE SUB 12SW2000;MATERIA_PRIMA;UN;ATIVO;0;0;0;0;0;271;;;NAO;
MP-272;ADESIVO FUNDO SUB 12S1000 4OHMS;MATERIA_PRIMA;UN;ATIVO;0;0;0;0;0;272;;;NAO;
MP-273;ADESIVO FUNDO SUB 12S1000 8OHMS;MATERIA_PRIMA;UN;ATIVO;0;0;0;0;0;273;;;NAO;
MP-274;ADESIVO SELO DE QUALIDADE;MATERIA_PRIMA;UN;ATIVO;0;0;0;0;0;274;;;NAO;
MP-275;ADESIVO REDONDO FUNDO LINHA SUPREME TWEETER STE;MATERIA_PRIMA;UN;ATIVO;0;0;0;0;0;275;;;NAO;
MP-276;ADESIVO REDONDO FUNDO LINHA SUPREME 6X9350 4OHMS;MATERIA_PRIMA;UN;ATIVO;0;0;0;0;0;276;;;NAO;
MP-277;ADESIVO REDONDO FUNDO LINHA SUPREME 6MB350 4 OHMS;MATERIA_PRIMA;UN;ATIVO;0;0;0;0;0;277;;;NAO;
MP-278;ADESIVO REDONDO FUNDO LINHA STEEL 6X9350;MATERIA_PRIMA;UN;ATIVO;0;0;0;0;0;278;;;NAO;
MP-279;ADESIVO REDONDO FUNDO LINHA STEEL 6X9280;MATERIA_PRIMA;UN;ATIVO;0;0;0;0;0;279;;;NAO;
MP-280;ADESIVO PROTETOR SUB RESINADO SUB 12" 600 E 1500;MATERIA_PRIMA;UN;ATIVO;0;0;0;0;0;280;;;NAO;
MP-281;ADESIVO PROTETOR SUB RESINADO SUB 12" 1500 (ANTIGO);MATERIA_PRIMA;UN;ATIVO;0;0;0;0;0;281;;;SIM;Marcado ANTIGO - avaliar inativar (substituido por MP-280?)
MP-282;ADESIVO FUNDO SUB 12SW1000 4OHMS;MATERIA_PRIMA;UN;ATIVO;0;0;0;0;0;282;;;NAO;
MP-283;ADESIVO PROTETOR RESINADO SUB 10";MATERIA_PRIMA;UN;ATIVO;0;0;0;0;0;283;;;SIM;Unico item classificado REVENDA no legado - seus irmaos diretos (MP-280/285/286) sao MATERIA PRIMA e o ERP nao tem tipo REVENDA. Confirmar classificacao
MP-284;ADESIVO FUNDO SUB 12SW1000 8OHMS;MATERIA_PRIMA;UN;ATIVO;0;0;0;0;0;284;;;NAO;
MP-285;ADESIVO PROTETOR 12" SW900X;MATERIA_PRIMA;UN;ATIVO;0;0;0;0;0;285;;;NAO;
MP-286;ADESIVO PROTETOR 12" SW700X;MATERIA_PRIMA;UN;ATIVO;0;0;0;0;0;286;;;NAO;
MP-287;ADESIVO PROMOCIONAL HOLOGRAFICO;MATERIA_PRIMA;UN;ATIVO;0;0;0;0;0;287;;;NAO;
MP-288;ADESIVO PROMOCIONAL GRANDE;MATERIA_PRIMA;UN;ATIVO;0;0;0;0;0;288;;;NAO;
MP-289;ADESIVO FUNDO SUB 12SW1500 2 OHMS;MATERIA_PRIMA;UN;ATIVO;0;0;0;0;0;289;;;NAO;
MP-290;ADESIVO FUNDO SUB 12SW1500 8 OHMS;MATERIA_PRIMA;UN;ATIVO;0;0;0;0;0;290;;;NAO;
MP-291;ADESIVO PROMOCIONAL;MATERIA_PRIMA;UN;ATIVO;0;0;0;0;0;291;;;NAO;
MP-292;ADESIVO FUNDO SUB 12SW2000 2 OHMS;MATERIA_PRIMA;UN;ATIVO;0;0;0;0;0;292;;;NAO;
MP-293;ADESIVO KIT REPARO PARA CX DE TW;MATERIA_PRIMA;UN;ATIVO;0;0;0;0;0;293;;;NAO;
MP-294;ADESIVO FUNDO SUB 12SW2000 8 OHMS;MATERIA_PRIMA;UN;ATIVO;0;0;0;0;0;294;;;NAO;
MP-295;ADESIVO FUNDO 10" 1000 4 OHMS;MATERIA_PRIMA;UN;ATIVO;0;0;0;0;0;295;;;NAO;
MP-296;ADESIVO FUNDO 10" 1000 8 OHMS;MATERIA_PRIMA;UN;ATIVO;0;0;0;0;0;296;;;NAO;
MP-297;ADESIVO FUNDO 12" 600;MATERIA_PRIMA;UN;ATIVO;0;0;0;0;0;297;;;NAO;
MP-298;ADESIVO FUNDO 12" SW700X 4 OHMS;MATERIA_PRIMA;UN;ATIVO;0;0;0;0;0;298;;;NAO;
MP-299;ADESIVO FUNDO 12" SW700X 8 OHMS;MATERIA_PRIMA;UN;ATIVO;0;0;0;0;0;299;;;NAO;
MP-300;ADESIVO FUNDO 12" SW900X 4 OHMS;MATERIA_PRIMA;UN;ATIVO;0;0;0;0;0;300;;;NAO;
MP-301;ADESIVO FUNDO 12" SW900X 8 OHMS;MATERIA_PRIMA;UN;ATIVO;0;0;0;0;0;301;;;NAO;
MP-302;ADESIVO IDENTIF SUB 12 1500;MATERIA_PRIMA;UN;ATIVO;0;0;0;0;0;302;;;NAO;
MP-303;ADESIVO FUNDO 15" DARK;MATERIA_PRIMA;UN;ATIVO;0;0;0;0;0;303;;;NAO;
MP-304;ADESIVO IDENTIF CX 12SW1000;MATERIA_PRIMA;UN;ATIVO;0;0;0;0;0;304;;;NAO;
MP-305;ADESIVO FUNDO 6" WF 200;MATERIA_PRIMA;UN;ATIVO;0;0;0;0;0;305;;;NAO;
MP-306;ADESIVO IDENTIF CX 12SW900X;MATERIA_PRIMA;UN;ATIVO;0;0;0;0;0;306;;;NAO;
MP-307;ADESIVO FUNDO 6MB 300 4 OHMS;MATERIA_PRIMA;UN;ATIVO;0;0;0;0;0;307;;;NAO;
MP-308;ADESIVO IDENTIF CX 8MB300X;MATERIA_PRIMA;UN;ATIVO;0;0;0;0;0;308;;;NAO;
MP-309;ADESIVO FUNDO 6MB 300 8 OHMS;MATERIA_PRIMA;UN;ATIVO;0;0;0;0;0;309;;;NAO;
MP-310;ADESIVO FUNDO AF 6" MB230;MATERIA_PRIMA;UN;ATIVO;0;0;0;0;0;310;;;NAO;
MP-311;ADESIVO IDENTIF CX 8MB300;MATERIA_PRIMA;UN;ATIVO;0;0;0;0;0;311;;;NAO;
MP-312;ADESIVO IDENTIF CX 6X9MB280;MATERIA_PRIMA;UN;ATIVO;0;0;0;0;0;312;;;NAO;
MP-313;ADESIVO FUNDO AF 6" MB230X;MATERIA_PRIMA;UN;ATIVO;0;0;0;0;0;313;;;NAO;
MP-314;ADESIVO FUNDO AF 6" MB260;MATERIA_PRIMA;UN;ATIVO;0;0;0;0;0;314;;;NAO;
MP-315;ADESIVO FUNDO AF 6X9 DARK 260;MATERIA_PRIMA;UN;ATIVO;0;0;0;0;0;315;;;NAO;
MP-316;ADESIVO IDENTIF CX 6X9MB250;MATERIA_PRIMA;UN;ATIVO;0;0;0;0;0;316;;;NAO;
MP-317;ADESIVO IDENTIF CX 6X9 DARK260;MATERIA_PRIMA;UN;ATIVO;0;0;0;0;0;317;;;NAO;
MP-318;ADESIVO IDENTIF CX 6WF200;MATERIA_PRIMA;UN;ATIVO;0;0;0;0;0;318;;;NAO;
MP-319;ADESIVO FUNDO AF 6X9 MB250;MATERIA_PRIMA;UN;ATIVO;0;0;0;0;0;319;;;NAO;
MP-320;ADESIVO IDENTIF CX 6MB300;MATERIA_PRIMA;UN;ATIVO;0;0;0;0;0;320;;;SIM;Descricao praticamente igual a MP-324 (CX 6 MB300) - confirmar se sao adesivos diferentes ou duplicata
MP-321;ADESIVO FUNDO AF 6X9 MB280 4 OHMS;MATERIA_PRIMA;UN;ATIVO;0;0;0;0;0;321;;;NAO;
MP-322;ADESIVO IDENTIF CX 6MB230X;MATERIA_PRIMA;UN;ATIVO;0;0;0;0;0;322;;;NAO;
MP-323;ADESIVO FUNDO AF 6X9 MB280 8 OHMS;MATERIA_PRIMA;UN;ATIVO;0;0;0;0;0;323;;;NAO;
MP-324;ADESIVO IDENTIF CX 6 MB300;MATERIA_PRIMA;UN;ATIVO;0;0;0;0;0;324;;;SIM;Descricao praticamente igual a MP-320 (CX 6MB300) - confirmar se sao adesivos diferentes ou duplicata
MP-325;ADESIVO FUNDO AF 8" MB300X;MATERIA_PRIMA;UN;ATIVO;0;0;0;0;0;325;;;NAO;
MP-326;ADESIVO FUNDO AF SUB 1500;MATERIA_PRIMA;UN;ATIVO;0;0;0;0;0;326;;;NAO;
MP-327;ADESIVO FUNDO SUB 12SW2000 4+4;MATERIA_PRIMA;UN;ATIVO;0;0;0;0;0;327;;;NAO;
MP-328;ADESIVO FUNDO TWEETER STE400;MATERIA_PRIMA;UN;ATIVO;0;0;0;0;0;328;;;NAO;
MP-329;ADESIVO IDENTIF 230;MATERIA_PRIMA;UN;ATIVO;0;0;0;0;0;329;;;NAO;
